Model,Solar MAE,Wind MAE
SARIMAX,143.93347982884745,391.4268605250183
Random Forest,199.1147831857147,214.26539112857168
Neural Network,191.9449342438616,309.09691901227677
LSTM,194.25392908203125,245.0810498716518
