{"solar": {"SARIMAX": 143.93347982884745, "Random Forest": 199.1147831857147, "Neural Network": 191.9449342438616, "LSTM": 194.25392908203125}, "wind": {"SARIMAX": 391.4268605250183, "Random Forest": 214.26539112857168, "Neural Network": 309.09691901227677, "LSTM": 245.0810498716518}}